{
  "experiment": "dt_4x4_full",
  "timestamp": "2026-03-17 21:25:03",
  "config": {
    "env": {
      "rows": 4,
      "cols": 4,
      "max_steps": 150,
      "seed": 42,
      "origin": "n0_0",
      "destination": "n3_3"
    },
    "dataset": {
      "num_expert": 350,
      "num_random": 75,
      "num_suboptimal": 75
    },
    "model": {
      "hidden_dim": 128,
      "n_layers": 3,
      "n_heads": 4,
      "context_length": 20,
      "max_ep_len": 200,
      "dropout": 0.1
    },
    "training": {
      "num_epochs": 50,
      "batch_size": 64,
      "lr": 0.0001,
      "weight_decay": 0.0001,
      "warmup_steps": 500
    },
    "eval": {
      "eval_episodes": 50,
      "sweep_targets": [
        50,
        25,
        0,
        -25,
        -50,
        -100,
        -200
      ],
      "sweep_episodes": 30
    }
  },
  "training_losses": [
    1.3040554616468172,
    0.6693921757082567,
    0.4915021004564796,
    0.4518619603774649,
    0.42997015204201355,
    0.4191478392545213,
    0.4024369169211557,
    0.38937391530960164,
    0.3732707068746817,
    0.36149437947476165,
    0.3477052581886239,
    0.3375322646494453,
    0.3233576631503748,
    0.31307701016148776,
    0.30424041433114535,
    0.29487121770990654,
    0.28194929302689875,
    0.2717795635685853,
    0.2650037293738507,
    0.2570924460887909,
    0.2484300396015458,
    0.2412011391939001,
    0.23408399268667748,
    0.22854779576156156,
    0.22560556898725795,
    0.22055636055714695,
    0.21317955407690495,
    0.20793239191068824,
    0.2037398561518243,
    0.1983615378089619,
    0.19431545548405207,
    0.18969800069611123,
    0.18595998424455418,
    0.18505151717798085,
    0.1807610272093022,
    0.1770525232753353,
    0.17439249642721727,
    0.173054002172558,
    0.17264353394085633,
    0.17237517264083768,
    0.16985994635532933,
    0.16764516066363516,
    0.16796888595988566,
    0.16511461341502606,
    0.1644372028027866,
    0.1653885007010284,
    0.162489444268405,
    0.1636484349344639,
    0.1625177047656294,
    0.16401920885059004
  ],
  "baseline_comparison": {
    "DT (target=50)": {
      "mean_ev_travel_time": 18.652173913043477,
      "ev_travel_time_mean": 18.652173913043477,
      "ev_travel_time_std": 3.9739225573095136,
      "mean_return": -959.5303562985209,
      "mean_length": 29.16,
      "background_delay_mean": 317.3271616539741,
      "background_delay_std": 105.86848982367387,
      "throughput_mean": 2304.1731757854923,
      "throughput_std": 3535.2811625002955,
      "signal_disruptions_mean": 4.1,
      "signal_disruptions_std": 1.7464249196572983,
      "corridor_green_ratio_mean": 0.0,
      "corridor_green_ratio_std": 0.0,
      "num_episodes": 50
    },
    "FT-EVP": {
      "mean_ev_travel_time": 17.0,
      "ev_travel_time_mean": 17.0,
      "ev_travel_time_std": 0.0,
      "mean_return": -588.3160275997116,
      "mean_length": 17.0,
      "background_delay_mean": 383.1270750586541,
      "background_delay_std": 1.1368683772161603e-13,
      "throughput_mean": 1541.216506528226,
      "throughput_std": 2.2737367544323206e-13,
      "signal_disruptions_mean": 0.0,
      "signal_disruptions_std": 0.0,
      "corridor_green_ratio_mean": 0.0,
      "corridor_green_ratio_std": 0.0,
      "num_episodes": 50
    },
    "Greedy": {
      "mean_ev_travel_time": 17.76,
      "ev_travel_time_mean": 17.76,
      "ev_travel_time_std": 0.42708313008125237,
      "mean_return": -729.1640300987648,
      "mean_length": 17.76,
      "background_delay_mean": 444.7821316673411,
      "background_delay_std": 66.32659720342406,
      "throughput_mean": 1950.5672487474271,
      "throughput_std": 291.4396108372179,
      "signal_disruptions_mean": 0.76,
      "signal_disruptions_std": 0.4270831300812525,
      "corridor_green_ratio_mean": 0.0,
      "corridor_green_ratio_std": 0.0,
      "num_episodes": 50
    },
    "Random": {
      "mean_ev_travel_time": 19.02,
      "ev_travel_time_mean": 19.02,
      "ev_travel_time_std": 3.9723544655531438,
      "mean_return": -296.3258718442056,
      "mean_length": 19.02,
      "background_delay_mean": 191.55099720430778,
      "background_delay_std": 26.646399497291235,
      "throughput_mean": 566.872992575156,
      "throughput_std": 126.47727049685525,
      "signal_disruptions_mean": 3.64,
      "signal_disruptions_std": 1.2611106216347556,
      "corridor_green_ratio_mean": 0.0,
      "corridor_green_ratio_std": 0.0,
      "num_episodes": 50
    }
  },
  "return_conditioning_sweep": {
    "target_50": {
      "mean_ev_travel_time": 18.576923076923077,
      "ev_travel_time_mean": 18.576923076923077,
      "ev_travel_time_std": 3.9240194946104485,
      "mean_return": -1210.9148341227544,
      "mean_length": 36.1,
      "background_delay_mean": 306.239295553081,
      "background_delay_std": 100.25064325227137,
      "throughput_mean": 2889.8699948203775,
      "throughput_std": 4434.661299480646,
      "signal_disruptions_mean": 4.1,
      "signal_disruptions_std": 1.6802777548171413,
      "corridor_green_ratio_mean": 0.0,
      "corridor_green_ratio_std": 0.0,
      "num_episodes": 30,
      "target_return": 50,
      "actual_return_mean": -1210.9148341227544,
      "actual_return_std": 1905.9250594297482
    },
    "target_25": {
      "mean_ev_travel_time": 18.655172413793103,
      "ev_travel_time_mean": 18.655172413793103,
      "ev_travel_time_std": 3.9851090243292875,
      "mean_return": -711.4981911991702,
      "mean_length": 23.033333333333335,
      "background_delay_mean": 295.5235079390037,
      "background_delay_std": 96.96229784871032,
      "throughput_mean": 1733.8760034388129,
      "throughput_std": 3038.7688418539333,
      "signal_disruptions_mean": 4.1,
      "signal_disruptions_std": 1.9209372712298547,
      "corridor_green_ratio_mean": 0.0,
      "corridor_green_ratio_std": 0.0,
      "num_episodes": 30,
      "target_return": 25,
      "actual_return_mean": -711.4981911991702,
      "actual_return_std": 1259.0623261615397
    },
    "target_0": {
      "mean_ev_travel_time": 17.8,
      "ev_travel_time_mean": 17.8,
      "ev_travel_time_std": 3.789459064299283,
      "mean_return": -455.8872999179136,
      "mean_length": 17.8,
      "background_delay_mean": 285.6708351881792,
      "background_delay_std": 87.78332874158073,
      "throughput_mean": 1118.6402546121867,
      "throughput_std": 567.5333251922013,
      "signal_disruptions_mean": 3.8333333333333335,
      "signal_disruptions_std": 1.7336538165261124,
      "corridor_green_ratio_mean": 0.0,
      "corridor_green_ratio_std": 0.0,
      "num_episodes": 30,
      "target_return": 0,
      "actual_return_mean": -455.8872999179136,
      "actual_return_std": 224.43301350212974
    },
    "target_-25": {
      "mean_ev_travel_time": 17.966666666666665,
      "ev_travel_time_mean": 17.966666666666665,
      "ev_travel_time_std": 4.191128196029746,
      "mean_return": -465.166760065862,
      "mean_length": 17.966666666666665,
      "background_delay_mean": 285.80163521877665,
      "background_delay_std": 88.15551073893741,
      "throughput_mean": 1140.7089166493665,
      "throughput_std": 589.5501579027772,
      "signal_disruptions_mean": 3.966666666666667,
      "signal_disruptions_std": 1.8882678717691395,
      "corridor_green_ratio_mean": 0.0,
      "corridor_green_ratio_std": 0.0,
      "num_episodes": 30,
      "target_return": -25,
      "actual_return_mean": -465.166760065862,
      "actual_return_std": 241.62084943102423
    },
    "target_-50": {
      "mean_ev_travel_time": 17.586206896551722,
      "ev_travel_time_mean": 17.586206896551722,
      "ev_travel_time_std": 4.335238460444588,
      "mean_return": -467.8635635968552,
      "mean_length": 22.0,
      "background_delay_mean": 274.5621250941805,
      "background_delay_std": 99.09459517324736,
      "throughput_mean": 1095.6486696354116,
      "throughput_std": 634.2666530800462,