{
  "seeds": [
    42,
    123,
    456
  ],
  "methods": {
    "DT": {
      "ev_times": [
        13.808510638297872,
        12.291666666666666,
        12.387096774193548
      ],
      "returns": [
        -316.998246866679,
        -1219.1521704603151,
        -980.0712844638771
      ]
    },
    "FT-EVP": {
      "ev_times": [
        17.0,
        18.0,
        43.0
      ],
      "returns": [
        -588.3160275997116,
        -1001.058877257218,
        -1106.812308303466
      ]
    },
    "Greedy": {
      "ev_times": [
        18.0,
        18.0,
        18.0
      ],
      "returns": [
        -687.7939362172334,
        -1004.9514110036935,
        -618.6808896250727
      ]
    }
  },
  "aggregate": {
    "DT": {
      "ev_time_mean": 12.829091359719362,
      "ev_time_std": 0.693648959630198,
      "return_mean": -838.7405672636237,
      "return_std": 381.62040841836676
    },
    "FT-EVP": {
      "ev_time_mean": 26.0,
      "ev_time_std": 12.027745701779143,
      "return_mean": -898.7290710534652,
      "return_std": 223.70090180742056
    },
    "Greedy": {
      "ev_time_mean": 18.0,
      "ev_time_std": 0.0,
      "return_mean": -770.4754122819999,
      "return_std": 168.1832310006248
    }
  }
}