{
  "hidden_32": {
    "mean_return": -249.75211463660557,
    "std_return": 458.0116076839788,
    "mean_ev_time": 10.857142857142858,
    "final_loss": 0.09530650302876047,
    "train_time": 76.25844931602478,
    "n_params": 36452,
    "hidden_dim": 32
  },
  "hidden_64": {
    "mean_return": -248.99494015293763,
    "std_return": 439.36356038509723,
    "mean_ev_time": 8.105263157894736,
    "final_loss": 0.0752452326678606,
    "train_time": 98.89768886566162,
    "n_params": 124100,
    "hidden_dim": 64
  },
  "hidden_128": {
    "mean_return": -366.9220056413467,
    "std_return": 544.2635609168673,
    "mean_ev_time": 9.857142857142858,
    "final_loss": 0.03749817739491507,
    "train_time": 123.36444091796875,
    "n_params": 452996,
    "hidden_dim": 128
  },
  "layers_1": {
    "mean_return": -445.7348296566812,
    "mean_ev_time": 8.9,
    "final_loss": 0.07074750519254742,
    "train_time": 78.28878235816956,
    "n_params": 66436,
    "n_layers": 1
  },
  "layers_2": {
    "mean_return": -122.00901173917262,
    "mean_ev_time": 8.043478260869565,
    "final_loss": 0.07706635338687447,
    "train_time": 97.39943718910217,
    "n_params": 116420,
    "n_layers": 2
  },
  "layers_3": {
    "mean_return": -462.6707318148328,
    "mean_ev_time": 10.652173913043478,
    "final_loss": 0.07670914130501968,
    "train_time": 130.25244116783142,
    "n_params": 166404,
    "n_layers": 3
  },
  "layers_4": {
    "mean_return": -1196.4454365435743,
    "mean_ev_time": 11.071428571428571,
    "final_loss": 0.07944743696134537,
    "train_time": 163.4774603843689,
    "n_params": 216388,
    "n_layers": 4
  },
  "context_5": {
    "mean_return": -1175.7302522897437,
    "mean_ev_time": 11.357142857142858,
    "final_loss": 0.12810185478951477,
    "train_time": 47.25974416732788,
    "n_params": 116420,
    "context_length": 5
  },
  "context_10": {
    "mean_return": -840.7296575163303,
    "mean_ev_time": 10.0,
    "final_loss": 0.1021710293351261,
    "train_time": 64.21493911743164,
    "n_params": 116420,
    "context_length": 10
  },
  "context_20": {
    "mean_return": -102.46993085737425,
    "mean_ev_time": 8.08695652173913,
    "final_loss": 0.0628565565275494,
    "train_time": 113.17723321914673,
    "n_params": 116420,
    "context_length": 20
  }
}