{
  "3x3": {
    "methods": {
      "FT-EVP": {
        "return": -227.30519743486093,
        "ev_time": 10.210526315789474
      },
      "DT": {
        "return": -775.3020124733636,
        "ev_time": 6.363636363636363
      }
    },
    "train_time": 35.987242460250854,
    "n_intersections": 9,
    "state_dim": 99
  },
  "4x4": {
    "methods": {
      "FT-EVP": {
        "return": -882.1696593973223,
        "ev_time": 18.736842105263158
      },
      "DT": {
        "return": -887.3744387378653,
        "ev_time": 8.166666666666666
      }
    },
    "train_time": 41.528769969940186,
    "n_intersections": 16,
    "state_dim": 176
  },
  "6x6": {
    "methods": {
      "FT-EVP": {
        "return": -2412.0253393615703,
        "ev_time": 26.5
      },
      "DT": {
        "return": -2255.4924460602383,
        "ev_time": 14.133333333333333
      }
    },
    "train_time": 42.584497928619385,
    "n_intersections": 36,
    "state_dim": 396
  }
}